,,,,,,,"전국 행정구역 현황",,,,,,,,,,
,"    (2010. 4. 1 현재)",,,,,,,,,,,,,,,,
,,"계",,"시",,"군",,"구",,"계",,"읍",,"면",,"동",
,,"2010년","2009년","2010년","2009년","2010년","2009년","2010년","2009년","2010년","2009년","2010년","2009년","2010년","2009년","2010년","2009년"
,,"4. 1","1. 1","4. 1","1. 1","4. 1","1. 1","4. 1","1. 1","4. 1","1. 1","4. 1","1. 1","4. 1","1. 1","4. 1","1. 1"
,"총계",230,230,75,75,86,86,69,69,3466,3465,214,214,1193,1193,2059,2058
,"특별.광역시계",74,74,0,0,5,5,69,69,1147,1147,10,10,36,36,1101,1101
,"11 서울특별시",25,25,0,0,0,0,25,25,424,424,0,0,0,0,424,424
,"21 부산광역시",16,16,0,0,1,1,15,15,215,215,2,2,3,3,210,210
,"22 대구광역시",8,8,0,0,1,1,7,7,143,143,3,3,6,6,134,134
,"23 인천광역시",10,10,0,0,2,2,8,8,141,141,1,1,19,19,121,121
,"24 광주광역시",5,5,0,0,0,0,5,5,92,92,0,0,0,0,92,92
,"25 대전광역시",5,5,0,0,0,0,5,5,76,76,0,0,0,0,76,76
,"26 울산광역시",5,5,0,0,1,1,4,4,56,56,4,4,8,8,44,44
,"도계",156,156,77,77,81,81,28,28,2319,2318,204,204,1157,1157,958,957
,"31 경기도",31,31,27,27,4,4,20,20,536,536,32,32,107,107,397,397
,"32 강원도",18,18,7,7,11,11,0,0,187,187,24,24,89,89,74,74
,"33 충청북도",12,12,3,3,9,9,2,2,154,154,14,14,89,89,51,51
,"34 충청남도",16,16,7,7,9,9,2,2,211,211,26,26,145,145,40,40
,"35 전라북도",14,14,6,6,8,8,2,2,241,241,14,14,145,145,82,82
,"36 전라남도",22,22,5,5,17,17,0,0,295,295,31,31,198,198,66,66
,"37 경상북도",23,23,10,10,13,13,2,2,331,331,36,36,202,202,93,93
,"38 경상남도",20,20,10,10,10,10,0,0,321,320,20,20,177,177,124,123
,"39 제주도",0,0,2,2,0,0,0,0,43,43,7,7,5,5,31,31
,"* 비자치구(일반시에 소속된 구)는 집계에서 제외하였으며 갯수는 기입되어 있음(파란색 아미부분)",,,,,,,,,,,,,,,,
,"* 민간인통제구역(주민 미거주지역(면단위) ; 경기도, 강원도)은 집계에서 제외",,,,,,,,,,,,,,,,
,,,,,,,"전국 행정구역 현황",,,,,,,,,,
,"    (2010. 1. 1 현재)",,,,,,,,,,,,,,,,
,,"계",,"시",,"군",,"구",,"계",,"읍",,"면",,"동",
,,"2010년","2009년","2010년","2009년","2010년","2009년","2010년","2009년","2010년","2009년","2010년","2009년","2010년","2009년","2010년","2009년"
,,"1. 1","10. 1","1. 1","10. 1","1. 1","10. 1","1. 1","10. 1","1. 1","10. 1","1. 1","10. 1","1. 1","10. 1","1. 1","10. 1"
,"총계",230,230,75,75,86,86,69,69,3465,3464,214,213,1193,1194,2058,2057
,"특별.광역시계",74,74,0,0,5,5,69,69,1147,1147,10,10,36,36,1101,1101
,"11 서울특별시",25,25,0,0,0,0,25,25,424,424,0,0,0,0,424,424
,"21 부산광역시",16,16,0,0,1,1,15,15,215,215,2,2,3,3,210,210
,"22 대구광역시",8,8,0,0,1,1,7,7,143,143,3,3,6,6,134,134
,"23 인천광역시",10,10,0,0,2,2,8,8,141,141,1,1,19,19,121,121
,"24 광주광역시",5,5,0,0,0,0,5,5,92,92,0,0,0,0,92,92
,"25 대전광역시",5,5,0,0,0,0,5,5,76,76,0,0,0,0,76,76
,"26 울산광역시",5,5,0,0,1,1,4,4,56,56,4,4,8,8,44,44
,"도계",156,156,77,77,81,81,28,28,2318,2317,204,203,1157,1158,957,956
,"31 경기도",31,31,27,27,4,4,20,20,536,535,32,32,107,107,397,396
,"32 강원도",18,18,7,7,11,11,0,0,187,187,24,24,89,89,74,74
,"33 충청북도",12,12,3,3,9,9,2,2,154,154,14,14,89,89,51,51
,"34 충청남도",16,16,7,7,9,9,2,2,211,211,26,25,145,146,40,40
,"35 전라북도",14,14,6,6,8,8,2,2,241,241,14,14,145,145,82,82
,"36 전라남도",22,22,5,5,17,17,0,0,295,295,31,31,198,198,66,66
,"37 경상북도",23,23,10,10,13,13,2,2,331,331,36,36,202,202,93,93
,"38 경상남도",20,20,10,10,10,10,0,0,320,320,20,20,177,177,123,123
,"39 제주도",0,0,2,2,0,0,0,0,43,43,7,7,5,5,31,31
,"* 비자치구(일반시에 소속된 구)는 집계에서 제외하였으며 갯수는 기입되어 있음(파란색 아미부분)",,,,,,,,,,,,,,,,
,"* 민간인통제구역(주민 미거주지역 ; 경기도 면단위, 강원도 면단위)은 집계에서 제외",,,,,,,,,,,,,,,,
,,,,,,,"전국 행정구역 현황",,,,,,,,,,
,"    (2009. 10. 1 현재)",,,,,,,,,,,,,,,,
,,"계",,"시",,"군",,"구",,"계",,"읍",,"면",,"동",
,,"2009년","2009년","2009년","2009년","2009년","2009년","2009년","2009년","2009년","2009년","2009년","2009년","2009년","2009년","2009년","2009년"
,,"10. 1","7. 1","10. 1","7. 1","10. 1","7. 1","10. 1","7. 1","10. 1","7. 1","10. 1","7. 1","10. 1","7. 1","10. 1","7. 1"
,"총계",230,230,75,75,86,86,69,69,3464,3462,213,212,1194,1195,2057,2055
,"특별.광역시계",74,74,0,0,5,5,69,69,1147,1145,10,10,36,36,1101,1099
,"11 서울특별시",25,25,0,0,0,0,25,25,424,424,0,0,0,0,424,424
,"21 부산광역시",16,16,0,0,1,1,15,15,215,215,2,2,3,3,210,210
,"22 대구광역시",8,8,0,0,1,1,7,7,143,143,3,3,6,6,134,134
,"23 인천광역시",10,10,0,0,2,2,8,8,141,140,1,1,19,19,121,120
,"24 광주광역시",5,5,0,0,0,0,5,5,92,91,0,0,0,0,92,91
,"25 대전광역시",5,5,0,0,0,0,5,5,76,76,0,0,0,0,76,76
,"26 울산광역시",5,5,0,0,1,1,4,4,56,56,4,4,8,8,44,44
,"도계",156,156,77,77,81,81,28,28,2317,2317,203,202,1158,1159,956,956
,"31 경기도",31,31,27,27,4,4,20,20,535,535,32,31,107,108,396,396
,"32 강원도",18,18,7,7,11,11,0,0,187,187,24,24,89,89,74,74
,"33 충청북도",12,12,3,3,9,9,2,2,154,154,14,14,89,89,51,51
,"34 충청남도",16,16,7,7,9,9,2,2,211,211,25,25,146,146,40,40
,"35 전라북도",14,14,6,6,8,8,2,2,241,241,14,14,145,145,82,82
,"36 전라남도",22,22,5,5,17,17,0,0,295,295,31,31,198,198,66,66
,"37 경상북도",23,23,10,10,13,13,2,2,331,331,36,36,202,202,93,93
,"38 경상남도",20,20,10,10,10,10,0,0,320,320,20,20,177,177,123,123
,"39 제주도",0,0,2,2,0,0,0,0,43,43,7,7,5,5,31,31
,"* 비자치구(일반시에 소속된 구)는 집계에서 제외하였으며 갯수는 기입되어 있음(파란색 아미부분)",,,,,,,,,,,,,,,,
,,,,,,,"전국 행정구역 현황",,,,,,,,,,
,"    (2009. 7. 1 현재)",,,,,,,,,,,,,,,,
,,"계",,"시",,"군",,"구",,"계",,"읍",,"면",,"동",
,,"2009년","2009년","2009년","2009년","2009년","2009년","2009년","2009년","2009년","2009년","2009년","2009년","2009년","2009년","2009년","2009년"
,,"7. 1","4. 1","7. 1","4. 1","7. 1","4. 1","7. 1","4. 1","7. 1","4. 1","7. 1","4. 1","7. 1","4. 1","7. 1","4. 1"
,"총계",230,230,75,75,86,86,69,69,3462,3469,212,211,1195,1196,2055,2062
,"특별.광역시계",74,74,0,0,5,5,69,69,1145,1153,10,10,36,36,1099,1107
,"11 서울특별시",25,25,0,0,0,0,25,25,424,432,0,0,0,0,424,432
,"21 부산광역시",16,16,0,0,1,1,15,15,215,215,2,2,3,3,210,210
,"22 대구광역시",8,8,0,0,1,1,7,7,143,143,3,3,6,6,134,134
,"23 인천광역시",10,10,0,0,2,2,8,8,140,140,1,1,19,19,120,120
,"24 광주광역시",5,5,0,0,0,0,5,5,91,91,0,0,0,0,91,91
,"25 대전광역시",5,5,0,0,0,0,5,5,76,76,0,0,0,0,76,76
,"26 울산광역시",5,5,0,0,1,1,4,4,56,56,4,4,8,8,44,44
,"도계",156,156,75,75,81,81,28,28,2317,2316,202,201,1159,1160,956,955
,"31 경기도",31,31,27,27,4,4,20,20,535,534,31,31,108,108,396,395
,"32 강원도",18,18,7,7,11,11,0,0,187,187,24,24,89,89,74,74
,"33 충청북도",12,12,3,3,9,9,2,2,154,154,14,14,89,89,51,51
,"34 충청남도",16,16,7,7,9,9,2,2,211,211,25,24,146,147,40,40
,"35 전라북도",14,14,6,6,8,8,2,2,241,241,14,14,145,145,82,82
,"36 전라남도",22,22,5,5,17,17,0,0,295,295,31,31,198,198,66,66
,"37 경상북도",23,23,10,10,13,13,2,2,331,331,36,36,202,202,93,93
,"38 경상남도",20,20,10,10,10,10,0,0,320,320,20,20,177,177,123,123
,"39 제주도",0,0,2,2,0,0,0,0,43,43,7,7,5,5,31,31
,"* 비자치구(일반시에 소속된 구)는 집계에서 제외하였으며 갯수는 기입되어 있음(파란색 아미부분)",,,,,,,,,,,,,,,,
,,,,,,,"전국 행정구역 현황",,,,,,,,,,
,"    (2009. 4. 1 현재)",,,,,,,,,,,,,,,,
,,"계",,"시",,"군",,"구",,"계",,"읍",,"면",,"동",
,,"2009년","2009년","2009년","2009년","2009년","2009년","2009년","2009년","2009년","2009년","2009년","2009년","2009년","2009년","2009년","2009년"
,,"4. 1","1. 1","4. 1","1. 1","4. 1","1. 1","4. 1","1. 1","4. 1","1. 1","4. 1","1. 1","4. 1","1. 1","4. 1","1. 1"
,"총계",230,230,75,75,86,86,69,69,3469,3478,211,211,1196,1196,2062,2071
,"특별.광역시계",74,74,0,0,5,5,69,69,1153,1160,10,10,36,36,1107,1114
,"11 서울특별시",25,25,0,0,0,0,25,25,432,436,0,0,0,0,432,436
,"21 부산광역시",16,16,0,0,1,1,15,15,215,215,2,2,3,3,210,210
,"22 대구광역시",8,8,0,0,1,1,7,7,143,143,3,3,6,6,134,134
,"23 인천광역시",10,10,0,0,2,2,8,8,140,143,1,1,19,19,120,123
,"24 광주광역시",5,5,0,0,0,0,5,5,91,91,0,0,0,0,91,91
,"25 대전광역시",5,5,0,0,0,0,5,5,76,76,0,0,0,0,76,76
,"26 울산광역시",5,5,0,0,1,1,4,4,56,56,4,4,8,8,44,44
,"도계",156,156,75,75,81,81,28,28,2316,2318,201,201,1160,1160,955,957
,"31 경기도",31,31,27,27,4,4,20,20,534,534,31,31,108,108,395,395
,"32 강원도",18,18,7,7,11,11,0,0,187,187,24,24,89,89,74,74
,"33 충청북도",12,12,3,3,9,9,2,2,154,154,14,14,89,89,51,51
,"34 충청남도",16,16,7,7,9,9,2,2,211,211,24,24,147,147,40,40
,"35 전라북도",14,14,6,6,8,8,2,2,241,241,14,14,145,145,82,82
,"36 전라남도",22,22,5,5,17,17,0,0,295,295,31,31,198,198,66,66
,"37 경상북도",23,23,10,10,13,13,2,2,331,333,36,36,202,202,93,95
,"38 경상남도",20,20,10,10,10,10,0,0,320,320,20,20,177,177,123,123
,"39 제주도",0,0,2,2,0,0,0,0,43,43,7,7,5,5,31,31
,"* 비자치구(일반시에 소속된 구)는 집계에서 제외하였으며 갯수는 기입되어 있음(파란색 아미부분)",,,,,,,,,,,,,,,,
,,,,,,,"전국 행정구역 현황",,,,,,,,,,
,"    (2009. 1. 1 현재)",,,,,,,,,,,,,,,,
,,"계",,"시",,"군",,"구",,"계",,"읍",,"면",,"동",
,,"2009년","2008년","2009년","2008년","2009년","2008년","2009년","2008년","2009년","2008년","2009년","2008년","2009년","2008년","2009년","2008년"
,,"1. 1","10. 1","1. 1","10. 1","1. 1","10. 1","1. 1","10. 1","1. 1","10. 1","1. 1","10. 1","1. 1","10. 1","1. 1","10. 1"
,"총계",230,230,75,75,86,86,69,69,3478,3491,211,211,1196,1196,2071,2084
,"특별.광역시계",74,74,0,0,5,5,69,69,1160,1169,10,10,36,36,1114,1123
,"11 서울특별시",25,25,0,0,0,0,25,25,436,441,0,0,0,0,436,441
,"21 부산광역시",16,16,0,0,1,1,15,15,215,217,2,2,3,3,210,212
,"22 대구광역시",8,8,0,0,1,1,7,7,143,143,3,3,6,6,134,134
,"23 인천광역시",10,10,0,0,2,2,8,8,143,143,1,1,19,19,123,123
,"24 광주광역시",5,5,0,0,0,0,5,5,91,91,0,0,0,0,91,91
,"25 대전광역시",5,5,0,0,0,0,5,5,76,76,0,0,0,0,76,76
,"26 울산광역시",5,5,0,0,1,1,4,4,56,58,4,4,8,8,44,46
,"도계",156,156,75,75,81,81,28,28,2318,2322,201,201,1160,1160,957,961
,"31 경기도",31,31,27,27,4,4,20,20,534,533,31,31,108,108,395,394
,"32 강원도",18,18,7,7,11,11,0,0,187,187,24,24,89,89,74,74
,"33 충청북도",12,12,3,3,9,9,2,2,154,154,14,14,89,89,51,51
,"34 충청남도",16,16,7,7,9,9,2,2,211,212,24,24,147,147,40,41
,"35 전라북도",14,14,6,6,8,8,2,2,241,241,14,14,145,145,82,82
,"36 전라남도",22,22,5,5,17,17,0,0,295,295,31,31,198,198,66,66
,"37 경상북도",23,23,10,10,13,13,2,2,333,337,36,36,202,202,95,99
,"38 경상남도",20,20,10,10,10,10,0,0,320,320,20,20,177,177,123,123
,"39 제주도",0,0,2,2,0,0,0,0,43,43,7,7,5,5,31,31
,"* 비자치구(일반시에 소속된 구)는 집계에서 제외하였으며 갯수는 기입되어 있음(파란색 아미부분)",,,,,,,,,,,,,,,,
,,,,,,,"전국 행정구역 현황",,,,,,,,,,
,"    (2008. 10. 1 현재)",,,,,,,,,,,,,,,,
,,"계",,"시",,"군",,"구",,"계",,"읍",,"면",,"동",
,,"2008년","2008년","2008년","2008년","2008년","2008년","2008년","2008년","2008년","2008년","2008년","2008년","2008년","2008년","2008년","2008년"
,,"10. 1","7. 1","10. 1","7. 1","10. 1","7. 1","10. 1","7. 1","10. 1","7. 1","10. 1","7. 1","10. 1","7. 1","10. 1","7. 1"
,"총계",230,230,75,75,86,86,69,69,3491,3521,211,211,1196,1196,2084,2114
,"특별.광역시계",74,74,0,0,5,5,69,69,1169,1198,10,10,36,36,1123,1152
,"11 서울특별시",25,25,0,0,0,0,25,25,441,465,0,0,0,0,441,465
,"21 부산광역시",16,16,0,0,1,1,15,15,217,217,2,2,3,3,212,212
,"22 대구광역시",8,8,0,0,1,1,7,7,143,143,3,3,6,6,134,134
,"23 인천광역시",10,10,0,0,2,2,8,8,143,143,1,1,19,19,123,123
,"24 광주광역시",5,5,0,0,0,0,5,5,91,91,0,0,0,0,91,91
,"25 대전광역시",5,5,0,0,0,0,5,5,76,81,0,0,0,0,76,81
,"26 울산광역시",5,5,0,0,1,1,4,4,58,58,4,4,8,8,46,46
,"도계",156,156,75,75,81,81,28,28,2322,2323,201,201,1160,1160,961,962
,"31 경기도",31,31,27,27,4,4,20,20,533,533,31,31,108,108,394,394
,"32 강원도",18,18,7,7,11,11,0,0,187,187,24,24,89,89,74,74
,"33 충청북도",12,12,3,3,9,9,2,2,154,154,14,14,89,89,51,51
,"34 충청남도",16,16,7,7,9,9,2,2,212,212,24,24,147,147,41,41
,"35 전라북도",14,14,6,6,8,8,2,2,241,241,14,14,145,145,82,82
,"36 전라남도",22,22,5,5,17,17,0,0,295,295,31,31,198,198,66,66
,"37 경상북도",23,23,10,10,13,13,2,2,337,338,36,36,202,202,99,100
,"38 경상남도",20,20,10,10,10,10,0,0,320,320,20,20,177,177,123,123
,"39 제주도",0,0,2,2,0,0,0,0,43,43,7,7,5,5,31,31
,"* 비자치구(일반시에 소속된 구)는 집계에서 제외하였으며 갯수는 기입되어 있음(파란색 아미부분)",,,,,,,,,,,,,,,,
,,,,,,,"전국 행정구역 현황",,,,,,,,,,
,"    (2008. 7. 1 현재)",,,,,,,,,,,,,,,,
,,"계",,"시",,"군",,"구",,"계",,"읍",,"면",,"동",
,,"2008년","2008년","2008년","2008년","2008년","2008년","2008년","2008년","2008년","2008년","2008년","2008년","2008년","2008년","2008년","2008년"
,,"7. 1","4. 1","7. 1","4. 1","7. 1","4. 1","7. 1","4. 1","7. 1","4. 1","7. 1","4. 1","7. 1","4. 1","7. 1","4. 1"
,"총계",230,230,75,75,86,86,69,69,3521,3543,211,212,1196,1197,2114,2134
,"특별.광역시계",74,74,0,0,5,5,69,69,1198,1222,10,10,36,36,1152,1176
,"11 서울특별시",25,25,0,0,0,0,25,25,465,489,0,0,0,0,465,489
,"21 부산광역시",16,16,0,0,1,1,15,15,217,217,2,2,3,3,212,212
,"22 대구광역시",8,8,0,0,1,1,7,7,143,143,3,3,6,6,134,134
,"23 인천광역시",10,10,0,0,2,2,8,8,143,143,1,1,19,19,123,123
,"24 광주광역시",5,5,0,0,0,0,5,5,91,91,0,0,0,0,91,91
,"25 대전광역시",5,5,0,0,0,0,5,5,81,81,0,0,0,0,81,81
,"26 울산광역시",5,5,0,0,1,1,4,4,58,58,4,4,8,8,46,46
,"도계",156,156,75,75,81,81,28,26,2323,2321,201,202,1160,1161,962,958
,"31 경기도",31,31,27,27,4,4,20,20,533,533,31,31,108,108,394,394
,"32 강원도",18,18,7,7,11,11,0,0,187,188,24,24,89,90,74,74
,"33 충청북도",12,12,3,3,9,9,2,2,154,154,14,14,89,89,51,51
,"34 충청남도",16,16,7,7,9,9,2,0,212,212,24,24,147,147,41,41
,"35 전라북도",14,14,6,6,8,8,2,2,241,241,14,14,145,145,82,82
,"36 전라남도",22,22,5,5,17,17,0,0,295,295,31,31,198,198,66,66
,"37 경상북도",23,23,10,10,13,13,2,2,338,338,36,36,202,202,100,100
,"38 경상남도",20,20,10,10,10,10,0,0,320,317,20,21,177,177,123,119
,"39 제주도",0,0,2,2,0,0,0,0,43,43,7,7,5,5,31,31
,"* 비자치구(일반시에 소속된 구)는 집계에서 제외하였으며 갯수는 기입되어 있음(파란색 아미부분)",,,,,,,,,,,,,,,,
,,,,,,,"전국 행정구역 현황",,,,,,,,,,
,"    (2008. 4. 1 현재)",,,,,,,,,,,,,,,,
,,"계",,"시",,"군",,"구",,"계",,"읍",,"면",,"동",
,,"2008년","2008년","2008년","2008년","2008년","2008년","2008년","2008년","2008년","2008년","2008년","2008년","2008년","2008년","2008년","2008년"
,,"4. 1","1. 1","4. 1","1. 1","4. 1","1. 1","4. 1","1. 1","4. 1","1. 1","4. 1","1. 1","4. 1","1. 1","4. 1","1. 1"
,"총계",230,230,75,75,86,86,69,69,3543,3554,212,212,1197,1197,2134,2145
,"특별.광역시계",74,74,0,0,5,5,69,69,1222,1231,10,10,36,36,1176,1185
,"11 서울특별시",25,25,0,0,0,0,25,25,489,497,0,0,0,0,489,497
,"21 부산광역시",16,16,0,0,1,1,15,15,217,218,2,2,3,3,212,213
,"22 대구광역시",8,8,0,0,1,1,7,7,143,143,3,3,6,6,134,134
,"23 인천광역시",10,10,0,0,2,2,8,8,143,143,1,1,19,19,123,123
,"24 광주광역시",5,5,0,0,0,0,5,5,91,91,0,0,0,0,91,91
,"25 대전광역시",5,5,0,0,0,0,5,5,81,81,0,0,0,0,81,81
,"26 울산광역시",5,5,0,0,1,1,4,4,58,58,4,4,8,8,46,46
,"도계",156,156,75,75,81,81,26,26,2321,2323,202,202,1161,1161,958,960
,"31 경기도",31,31,27,27,4,4,20,20,533,532,31,31,108,108,394,393
,"32 강원도",18,18,7,7,11,11,0,0,188,188,24,24,90,90,74,74
,"33 충청북도",12,12,3,3,9,9,2,2,154,154,14,14,89,89,51,51
,"34 충청남도",16,16,7,7,9,9,0,0,212,212,24,24,147,147,41,41
,"35 전라북도",14,14,6,6,8,8,2,2,241,244,14,14,145,145,82,85
,"36 전라남도",22,22,5,5,17,17,0,0,295,295,31,31,198,198,66,66
,"37 경상북도",23,23,10,10,13,13,2,2,338,338,36,36,202,202,100,100
,"38 경상남도",20,20,10,10,10,10,0,0,317,317,21,21,177,177,119,119
,"39 제주도",0,0,2,2,0,0,0,0,43,43,7,7,5,5,31,31
,"* 비자치구(일반시에 소속된 구)는 집계에서 제외하였으며 갯수는 기입되어 있음(파란색 아미부분)",,,,,,,,,,,,,,,,
,,,,,,,"전국 행정구역 현황",,,,,,,,,,
,"    (2008. 1. 1 현재)",,,,,,,,,,,,,,,,
,,"계",,"시",,"군",,"구",,"계",,"읍",,"면",,"동",
,,"2008년","2007년","2008년","2007년","2008년","2007년","2008년","2007년","2008년","2007년","2008년","2007년","2008년","2007년","2008년","2007년"
,,"1. 1","10. 1","1. 1","10. 1","1. 1","10. 1","1. 1","10. 1","1. 1","10. 1","1. 1","10. 1","1. 1","10. 1","1. 1","10. 1"
,"총계",230,230,75,75,86,86,69,69,3554,3577,212,212,1197,1197,2145,2168
,"특별.광역시계",74,74,0,0,5,5,69,69,1231,1256,10,10,36,36,1185,1210
,"11 서울특별시",25,25,0,0,0,0,25,25,497,517,0,0,0,0,497,517
,"21 부산광역시",16,16,0,0,1,1,15,15,218,223,2,2,3,3,213,218
,"22 대구광역시",8,8,0,0,1,1,7,7,143,143,3,3,6,6,134,134
,"23 인천광역시",10,10,0,0,2,2,8,8,143,143,1,1,19,19,123,123
,"24 광주광역시",5,5,0,0,0,0,5,5,91,91,0,0,0,0,91,91
,"25 대전광역시",5,5,0,0,0,0,5,5,81,81,0,0,0,0,81,81
,"26 울산광역시",5,5,0,0,1,1,4,4,58,58,4,4,8,8,46,46
,"도계",156,156,75,75,81,81,26,26,2323,2321,202,202,1161,1161,960,958
,"31 경기도",31,31,27,27,4,4,20,20,532,531,31,31,108,108,393,392
,"32 강원도",18,18,7,7,11,11,0,0,188,188,24,24,90,90,74,74
,"33 충청북도",12,12,3,3,9,9,2,2,154,153,14,14,89,89,51,50
,"34 충청남도",16,16,7,7,9,9,0,0,212,212,24,24,147,147,41,41
,"35 전라북도",14,14,6,6,8,8,2,2,244,244,14,14,145,145,85,85
,"36 전라남도",22,22,5,5,17,17,0,0,295,295,31,31,198,198,66,66
,"37 경상북도",23,23,10,10,13,13,2,2,338,341,36,35,202,202,100,104
,"38 경상남도",20,20,10,10,10,10,0,0,317,314,21,22,177,177,119,115
,"39 제주도",0,0,2,2,0,0,0,0,43,43,7,7,5,5,31,31
,"* 비자치구(일반시에 소속된 구)는 집계에서 제외하였으며 갯수는 기입되어 있음(파란색 아미부분)",,,,,,,,,,,,,,,,
,,,,,,,"전국 행정구역 현황",,,,,,,,,,
,"    (2007. 10. 1 현재)",,,,,,,,,,,,,,,,
,,"계",,"시",,"군",,"구",,"계",,"읍",,"면",,"동",
,,"2007년","2007년","2007년","2007년","2007년","2007년","2007년","2007년","2007년","2007년","2007년","2007년","2007년","2007년","2007년","2007년"
,,"7. 1","10. 1","7. 1","10. 1","7. 1","10. 1","7. 1","10. 1","7. 1","10. 1","7. 1","10. 1","7. 1","10. 1","7. 1","10. 1"
,"총계",230,230,75,75,86,86,69,69,3581,3577,212,212,1197,1197,2172,2168
,"특별.광역시계",74,74,0,0,5,5,69,69,1257,1256,10,10,36,36,1211,1210
,"11 서울특별시",25,25,0,0,0,0,25,25,518,517,0,0,0,0,518,517
,"21 부산광역시",16,16,0,0,1,1,15,15,223,223,2,2,3,3,218,218
,"22 대구광역시",8,8,0,0,1,1,7,7,143,143,3,3,6,6,134,134
,"23 인천광역시",10,10,0,0,2,2,8,8,143,143,1,1,19,19,123,123
,"24 광주광역시",5,5,0,0,0,0,5,5,91,91,0,0,0,0,91,91
,"25 대전광역시",5,5,0,0,0,0,5,5,81,81,0,0,0,0,81,81
,"26 울산광역시",5,5,0,0,1,1,4,4,58,58,4,4,8,8,46,46
,"도계",156,156,75,75,81,81,26,26,2324,2321,202,202,1161,1161,961,958
,"31 경기도",31,31,27,27,4,4,20,20,534,531,31,31,108,108,395,392
,"32 강원도",18,18,7,7,11,11,0,0,188,188,24,24,90,90,74,74
,"33 충청북도",12,12,3,3,9,9,2,2,153,153,14,14,89,89,50,50
,"34 충청남도",16,16,7,7,9,9,0,0,212,212,24,24,147,147,41,41
,"35 전라북도",14,14,6,6,8,8,2,2,244,244,14,14,145,145,85,85
,"36 전라남도",22,22,5,5,17,17,0,0,295,295,31,31,198,198,66,66
,"37 경상북도",23,23,10,10,13,13,2,2,341,341,35,35,202,202,104,104
,"38 경상남도",20,20,10,10,10,10,0,0,314,314,22,22,177,177,115,115
,"39 제주도",0,0,2,2,0,0,0,0,43,43,7,7,5,5,31,31
,"* 비자치구(일반시에 소속된 구)는 집계에서 제외하였으며 갯수는 기입되어 있음(파란색 아미부분)",,,,,,,,,,,,,,,,
,,,,,,,"전국 행정구역 현황",,,,,,,,,,
,"    (2007. 7. 1 현재)",,,,,,,,,,,,,,,,
,,"계",,"시",,"군",,"구",,"계",,"읍",,"면",,"동",
,,"2007년","2007년","2007년","2007년","2007년","2007년","2007년","2007년","2007년","2007년","2007년","2007년","2007년","2007년","2007년","2007년"
,,"4. 1","7. 1","4. 1","7. 1","4. 1","7. 1","4. 1","7. 1","4. 1","7. 1","4. 1","7. 1","4. 1","7. 1","4. 1","7. 1"
,"총계",230,230,75,75,86,86,69,69,3578,3581,212,212,1197,1197,2169,2172
,"특별.광역시계",74,74,0,0,5,5,69,69,1257,1257,10,10,36,36,1211,1211
,"11 서울특별시",25,25,0,0,0,0,25,25,518,518,0,0,0,0,518,518
,"21 부산광역시",16,16,0,0,1,1,15,15,223,223,2,2,3,3,218,218
,"22 대구광역시",8,8,0,0,1,1,7,7,143,143,3,3,6,6,134,134
,"23 인천광역시",10,10,0,0,2,2,8,8,143,143,1,1,19,19,123,123
,"24 광주광역시",5,5,0,0,0,0,5,5,91,91,0,0,0,0,91,91
,"25 대전광역시",5,5,0,0,0,0,5,5,81,81,0,0,0,0,81,81
,"26 울산광역시",5,5,0,0,1,1,4,4,58,58,4,4,8,8,46,46
,"도계",156,156,75,75,81,81,26,26,2321,2324,202,202,1161,1161,958,961
,"31 경기도",31,31,27,27,4,4,20,20,532,534,31,31,108,108,393,395
,"32 강원도",18,18,7,7,11,11,0,0,188,188,24,24,90,90,74,74
,"33 충청북도",12,12,3,3,9,9,2,2,153,153,14,14,89,89,50,50
,"34 충청남도",16,16,7,7,9,9,0,0,211,212,24,24,147,147,40,41
,"35 전라북도",14,14,6,6,8,8,2,2,244,244,14,14,145,145,85,85
,"36 전라남도",22,22,5,5,17,17,0,0,295,295,31,31,198,198,66,66
,"37 경상북도",23,23,10,10,13,13,2,2,341,341,35,35,202,202,104,104
,"38 경상남도",20,20,10,10,10,10,0,0,314,314,22,22,177,177,115,115
,"39 제주도",0,0,2,2,0,0,0,0,43,43,7,7,5,5,31,31
,"* 비자치구(일반시에 소속된 구)는 집계에서 제외하였으며 갯수는 기입되어 있음(파란색 아미부분)",,,,,,,,,,,,,,,,
,,,,,,,"전국 행정구역 현황",,,,,,,,,,
,"    (2007. 4. 1 현재)",,,,,,,,,,,,,,,,
,,"계",,"시",,"군",,"구",,"계",,"읍",,"면",,"동",
,,"2007년","2007년","2007년","2007년","2007년","2007년","2007년","2007년","2007년","2007년","2007년","2007년","2007년","2007년","2007년","2007년"
,,"1. 1","4. 1","1. 1","4. 1","1. 1","4. 1","1. 1","4. 1","1. 1","4. 1","1. 1","4. 1","1. 1","4. 1","1. 1","4. 1"
,"총계",230,230,75,75,86,86,69,69,3572,3578,212,212,1198,1197,2162,2169
,"특별.광역시계",74,74,0,0,5,5,69,69,1256,1257,10,10,36,36,1210,1211
,"11 서울특별시",25,25,0,0,0,0,25,25,518,518,0,0,0,0,518,518
,"21 부산광역시",16,16,0,0,1,1,15,15,223,223,2,2,3,3,218,218
,"22 대구광역시",8,8,0,0,1,1,7,7,143,143,3,3,6,6,134,134
,"23 인천광역시",10,10,0,0,2,2,8,8,143,143,1,1,19,19,123,123
,"24 광주광역시",5,5,0,0,0,0,5,5,91,91,0,0,0,0,91,91
,"25 대전광역시",5,5,0,0,0,0,5,5,80,81,0,0,0,0,80,81
,"26 울산광역시",5,5,0,0,1,1,4,4,58,58,4,4,8,8,46,46
,"도계",156,156,75,75,81,81,26,26,2316,2321,202,202,1162,1161,952,958
,"31 경기도",31,31,27,27,4,4,20,20,530,532,30,31,109,108,391,393
,"32 강원도",18,18,7,7,11,11,0,0,188,188,24,24,90,90,74,74
,"33 충청북도",12,12,3,3,9,9,2,2,153,153,14,14,89,89,50,50
,"34 충청남도",16,16,7,7,9,9,0,0,211,211,24,24,147,147,40,40
,"35 전라북도",14,14,6,6,8,8,2,2,244,244,14,14,145,145,85,85
,"36 전라남도",22,22,5,5,17,17,0,0,295,295,31,31,198,198,66,66
,"37 경상북도",23,23,10,10,13,13,2,2,338,341,36,35,202,202,100,104
,"38 경상남도",20,20,10,10,10,10,0,0,314,314,22,22,177,177,115,115
,"39 제주도",0,0,2,2,0,0,0,0,43,43,7,7,5,5,31,31
,"* 비자치구(일반시에 소속된 구)는 집계에서 제외하였으며 갯수는 기입되어 있음(파란색 아미부분)",,,,,,,,,,,,,,,,
,,,,,,,"전국 행정구역 현황",,,,,,,,,,
,"    (2007. 1. 1 현재)",,,,,,,,,,,,,,,,
,,"계",,"시",,"군",,"구",,"계",,"읍",,"면",,"동",
,,"2006년","2007년","2006년","2007년","2006년","2007년","2006년","2007년","2006년","2007년","2006년","2007년","2006년","2007년","2006년","2007년"
,,"10. 1","1. 1","10. 1","1. 1","10. 1","1. 1","10. 1","1. 1","10. 1","1. 1","10. 1","1. 1","10. 1","1. 1","10. 1","1. 1"
,"총계",230,230,75,75,86,86,69,69,3577,3572,210,212,1200,1198,2167,2162
,"특별.광역시계",74,74,0,0,5,5,69,69,1262,1256,10,10,36,36,1216,1210
,"11 서울특별시",25,25,0,0,0,0,25,25,522,518,0,0,0,0,522,518
,"21 부산광역시",16,16,0,0,1,1,15,15,226,223,2,2,3,3,221,218
,"22 대구광역시",8,8,0,0,1,1,7,7,143,143,3,3,6,6,134,134
,"23 인천광역시",10,10,0,0,2,2,8,8,142,143,1,1,19,19,122,123
,"24 광주광역시",5,5,0,0,0,0,5,5,91,91,0,0,0,0,91,91
,"25 대전광역시",5,5,0,0,0,0,5,5,80,80,0,0,0,0,80,80
,"26 울산광역시",5,5,0,0,1,1,4,4,58,58,4,4,8,8,46,46
,"도계",156,156,75,75,81,81,26,26,2315,2316,200,202,1164,1162,951,952
,"31 경기도",31,31,27,27,4,4,20,20,529,530,29,30,110,109,390,391
,"32 강원도",18,18,7,7,11,11,0,0,188,188,24,24,90,90,74,74
,"33 충청북도",12,12,3,3,9,9,2,2,153,153,13,14,90,89,50,50
,"34 충청남도",16,16,7,7,9,9,0,0,211,211,24,24,147,147,40,40
,"35 전라북도",14,14,6,6,8,8,2,2,244,244,14,14,145,145,85,85
,"36 전라남도",22,22,5,5,17,17,0,0,295,295,31,31,198,198,66,66
,"37 경상북도",23,23,10,10,13,13,2,2,338,338,36,36,202,202,100,100
,"38 경상남도",20,20,10,10,10,10,0,0,314,314,22,22,177,177,115,115
,"39 제주도",0,0,2,2,0,0,0,0,43,43,7,7,5,5,31,31
,"* 비자치구(일반시에 소속된 구)는 집계에서 제외하였으며 갯수는 기입되어 있음(파란색 아미부분)",,,,,,,,,,,,,,,,
,"    (2006.10. 1 현재)",,,,,,,,,,,,,,,,
,,"계",,"시",,"군",,"구",,"계",,"읍",,"면",,"동",
,,"2006년","2006년","2006년","2006년","2006년","2006년","2006년","2006년","2006년","2006년","2006년","2006년","2006년","2006년","2006년","2006년"
,,"7. 1","10. 1","7. 1","10. 1","7. 1","10. 1","7. 1","10. 1","7. 1","10. 1","7. 1","10. 1","7. 1","10. 1","7. 1","10. 1"
,"총계",230,230,75,75,86,86,69,69,3580,3577,209,210,1201,1200,2170,2167
,"특별.광역시계",74,74,0,0,5,5,69,69,1261,1262,10,10,36,36,1215,1216
,"11 서울특별시",25,25,0,0,0,0,25,25,522,522,0,0,0,0,522,522
,"21 부산광역시",16,16,0,0,1,1,15,15,226,226,2,2,3,3,221,221
,"22 대구광역시",8,8,0,0,1,1,7,7,143,143,3,3,6,6,134,134
,"23 인천광역시",10,10,0,0,2,2,8,8,141,142,1,1,19,19,121,122
,"24 광주광역시",5,5,0,0,0,0,5,5,91,91,0,0,0,0,91,91
,"25 대전광역시",5,5,0,0,0,0,5,5,80,80,0,0,0,0,80,80
,"26 울산광역시",5,5,0,0,1,1,4,4,58,58,4,4,8,8,46,46
,"도계",156,156,75,75,81,81,26,26,2319,2315,199,200,1165,1164,955,951
,"31 경기도",31,31,27,27,4,4,20,20,529,529,29,29,110,110,390,390
,"32 강원도",18,18,7,7,11,11,0,0,188,188,24,24,90,90,74,74
,"33 충청북도",12,12,3,3,9,9,2,2,153,153,13,13,90,90,50,50
,"34 충청남도",16,16,7,7,9,9,0,0,211,211,24,24,147,147,40,40
,"35 전라북도",14,14,6,6,8,8,2,2,244,244,14,14,145,145,85,85
,"36 전라남도",22,22,5,5,17,17,0,0,299,295,31,31,198,198,70,66
,"37 경상북도",23,23,10,10,13,13,2,2,338,338,35,36,203,202,100,100
,"38 경상남도",20,20,10,10,10,10,0,0,314,314,22,22,177,177,115,115
,"39 제주도",0,0,2,2,0,0,0,0,43,43,7,7,5,5,31,31
,"* 비자치구(일반시에 소속된 구)는 집계에서 제외하였으며 갯수는 기입되어 있음(파란색 아미부분)",,,,,,,,,,,,,,,,
,,,,,,,,,,,,,,,,,
,,,,,,,"전국 행정구역 현황",,,,,,,,,,
,"    (2006. 7. 1 현재)",,,,,,,,,,,,,,,,
,,"계",,"시",,"군",,"구",,"계",,"읍",,"면",,"동",
,,"2006년","2006년","2006년","2006년","2006년","2006년","2006년","2006년","2006년","2006년","2006년","2006년","2006년","2006년","2006년","2006년"
,,"  4. 1","  7. 1","  4. 1","  7. 1","  4. 1","  7. 1","  4. 1","  7. 1","  4. 1","  7. 1","  4. 1","  7. 1","  4. 1","  7. 1","  4. 1","  7. 1"
,"총계",234,230,77,75,88,86,69,69,3579,3580,209,209,1201,1201,2169,2170
,"특별.광역시계",74,74,0,0,5,5,69,69,1260,1261,10,10,36,36,1214,1215
,"11 서울특별시",25,25,0,0,0,0,25,25,522,522,0,0,0,0,522,522
,"21 부산광역시",16,16,0,0,1,1,15,15,226,226,2,2,3,3,221,221
,"22 대구광역시",8,8,0,0,1,1,7,7,143,143,3,3,6,6,134,134
,"23 인천광역시",10,10,0,0,2,2,8,8,140,141,1,1,19,19,120,121
,"24 광주광역시",5,5,0,0,0,0,5,5,91,91,0,0,0,0,91,91
,"25 대전광역시",5,5,0,0,0,0,5,5,80,80,0,0,0,0,80,80
,"26 울산광역시",5,5,0,0,1,1,4,4,58,58,4,4,8,8,46,46
,"도계",160,156,77,75,83,81,26,26,2319,2319,199,199,1165,1165,955,955
,"31 경기도",31,31,27,27,4,4,20,20,529,529,29,29,110,110,390,390
,"32 강원도",18,18,7,7,11,11,0,0,188,188,24,24,90,90,74,74
,"33 충청북도",12,12,3,3,9,9,2,2,153,153,13,13,90,90,50,50
,"34 충청남도",16,16,7,7,9,9,0,0,211,211,24,24,147,147,40,40
,"35 전라북도",14,14,6,6,8,8,2,2,244,244,14,14,145,145,85,85
,"36 전라남도",22,22,5,5,17,17,0,0,299,299,31,31,198,198,70,70
,"37 경상북도",23,23,10,10,13,13,2,2,338,338,35,35,203,203,100,100
,"38 경상남도",20,20,10,10,10,10,0,0,314,314,22,22,177,177,115,115
,"39 제주도",4,0,2,2,2,0,0,0,43,43,7,7,5,5,31,31
,"* 비자치구(일반시에 소속된 구)는 집계에서 제외하였으며 갯수는 기입되어 있음(파란색 아미부분)",,,,,,,,,,,,,,,,
,,,,,,,,,,,,,,,,,
,"    (2006. 4. 1 현재)",,,,,,,,,,,,,,,,
,,"계",,"시",,"군",,"구",,"계",,"읍",,"면",,"동",
,,"2006년","2006년","2006년","2006년","2006년","2006년","2006년","2006년","2006년","2006년","2006년","2006년","2006년","2006년","2006년","2006년"
,,"  1. 1","  4. 1","  1. 1","  4. 1","  1. 1","  4. 1","  1. 1","  4. 1","  1. 1","  4. 1","  1. 1","  4. 1","  1. 1","  4. 1","  1. 1","  4. 1"
,"총계",234,234,77,77,88,88,69,69,3573,3579,210,209,1200,1201,2163,2169
,"특별.광역시계",74,74,0,0,5,5,69,69,1261,1260,10,10,36,36,1215,1214
,"11 서울특별시",25,25,0,0,0,0,25,25,522,522,0,0,0,0,522,522
,"21 부산광역시",16,16,0,0,1,1,15,15,227,226,2,2,3,3,222,221
,"22 대구광역시",8,8,0,0,1,1,7,7,143,143,3,3,6,6,134,134
,"23 인천광역시",10,10,0,0,2,2,8,8,140,140,1,1,19,19,120,120
,"24 광주광역시",5,5,0,0,0,0,5,5,91,91,0,0,0,0,91,91
,"25 대전광역시",5,5,0,0,0,0,5,5,80,80,0,0,0,0,80,80
,"26 울산광역시",5,5,0,0,1,1,4,4,58,58,4,4,8,8,46,46
,"도계",160,160,77,77,83,83,26,26,2312,2319,200,199,1164,1165,948,955
,"31 경기도",31,31,27,27,4,4,20,20,524,529,30,29,110,110,384,390
,"32 강원도",18,18,7,7,11,11,0,0,188,188,24,24,90,90,74,74
,"33 충청북도",12,12,3,3,9,9,2,2,153,153,13,13,90,90,50,50
,"34 충청남도",16,16,7,7,9,9,0,0,209,211,24,24,146,147,39,40
,"35 전라북도",14,14,6,6,8,8,2,2,244,244,14,14,145,145,85,85
,"36 전라남도",22,22,5,5,17,17,0,0,299,299,31,31,198,198,70,70
,"37 경상북도",23,23,10,10,13,13,2,2,338,338,35,35,203,203,100,100
,"38 경상남도",20,20,10,10,10,10,0,0,314,314,22,22,177,177,115,115
,"39 제주도",4,4,2,2,2,2,0,0,43,43,7,7,5,5,31,31
,"* 비자치구(일반시에 소속된 구)는 집계에서 제외하였으며 갯수는 기입되어 있음(파란색 아미부분)",,,,,,,,,,,,,,,,
,,,,,,,,,,,,,,,,,
,,,,,,,,,,,,,,,,,
,"    (2006. 1. 1 현재)",,,,,,,,,,,,,,,,
,,"계",,"시",,"군",,"구",,"계",,"읍",,"면",,"동",
,,"2005년","2006년","2005년","2006년","2005년","2006년","2005년","2006년","2005년","2006년","2005년","2006년","2005년","2006년","2005년","2006년"
,," 10. 1","  1. 1"," 10. 1","  1. 1"," 10. 1","  1. 1"," 10. 1","  1. 1"," 10. 1","  1. 1"," 10. 1","  1. 1"," 10. 1","  1. 1"," 10. 1","  1. 1"
,"총계",234,234,77,77,88,88,69,69,3564,3573,211,210,1201,1200,2152,2163
,"특별.광역시계",74,74,0,0,5,5,69,69,1261,1261,10,10,36,36,1215,1215
,"11 서울특별시",25,25,0,0,0,0,25,25,522,522,0,0,0,0,522,522
,"21 부산광역시",16,16,0,0,1,1,15,15,227,227,2,2,3,3,222,222
,"22 대구광역시",8,8,0,0,1,1,7,7,143,143,3,3,6,6,134,134
,"23 인천광역시",10,10,0,0,2,2,8,8,140,140,1,1,19,19,120,120
,"24 광주광역시",5,5,0,0,0,0,5,5,91,91,0,0,0,0,91,91
,"25 대전광역시",5,5,0,0,0,0,5,5,80,80,0,0,0,0,80,80
,"26 울산광역시",5,5,0,0,1,1,4,4,58,58,4,4,8,8,46,46
,"도계",160,160,77,77,83,83,23,26,2303,2312,201,200,1165,1164,937,948
,"31 경기도",31,31,27,27,4,4,17,20,515,524,31,30,111,110,373,384
,"32 강원도",18,18,7,7,11,11,0,0,188,188,24,24,90,90,74,74
,"33 충청북도",12,12,3,3,9,9,2,2,153,153,13,13,90,90,50,50
,"34 충청남도",16,16,7,7,9,9,0,0,209,209,24,24,146,146,39,39
,"35 전라북도",14,14,6,6,8,8,2,2,244,244,14,14,145,145,85,85
,"36 전라남도",22,22,5,5,17,17,0,0,299,299,31,31,198,198,70,70
,"37 경상북도",23,23,10,10,13,13,2,2,338,338,35,35,203,203,100,100
,"38 경상남도",20,20,10,10,10,10,0,0,314,314,22,22,177,177,115,115
,"39 제주도",4,4,2,2,2,2,0,0,43,43,7,7,5,5,31,31
,"* 비자치구(일반시에 소속된 구)는 집계에서 제외하였으며 갯수는 기입되어 있음(파란색 아미부분)",,,,,,,,,,,,,,,,
,,,,,,,,,,,,,,,,,
,,,,,,,,,,,,,,,,,
,"    (2005. 10. 1 현재)",,,,,,,,,,,,,,,,
,,"계",,"시",,"군",,"구",,"계",,"읍",,"면",,"동",
,,"2005년",,"2005년",,"2005년",,"2005년",,"2005년",,"2005년",,"2005년",,"2005년",
,,"7. 1","10. 1","7. 1","10. 1","7. 1","10. 1","7. 1","10. 1","7. 1","10. 1","7. 1","10. 1","7. 1","10. 1","7. 1","10. 1"
,"총계",234,234,77,77,88,88,69,69,3568,3564,211,211,1201,1201,2156,2152
,"특별.광역시계",74,74,0,0,5,5,69,69,1258,1261,10,10,36,36,1212,1215
,"11 서울특별시",25,25,0,0,0,0,25,25,522,522,0,0,0,0,522,522
,"21 부산광역시",16,16,0,0,1,1,15,15,226,227,2,2,3,3,221,222
,"22 대구광역시",8,8,0,0,1,1,7,7,143,143,3,3,6,6,134,134
,"23 인천광역시",10,10,0,0,2,2,8,8,139,140,1,1,19,19,119,120
,"24 광주광역시",5,5,0,0,0,0,5,5,90,91,0,0,0,0,90,91
,"25 대전광역시",5,5,0,0,0,0,5,5,80,80,0,0,0,0,80,80
,"26 울산광역시",5,5,0,0,1,1,4,4,58,58,4,4,8,8,46,46
,"도계",160,160,77,77,83,83,23,23,2310,2303,201,201,1165,1165,944,937
,"31 경기도",31,31,27,27,4,4,17,17,515,515,31,31,111,111,373,373
,"32 강원도",18,18,7,7,11,11,0,0,188,188,24,24,90,90,74,74
,"33 충청북도",12,12,3,3,9,9,2,2,153,153,13,13,90,90,50,50
,"34 충청남도",16,16,7,7,9,9,0,0,209,209,24,24,146,146,39,39
,"35 전라북도",14,14,6,6,8,8,2,2,251,244,14,14,145,145,92,85
,"36 전라남도",22,22,5,5,17,17,0,0,299,299,31,31,198,198,70,70
,"37 경상북도",23,23,10,10,13,13,2,2,338,338,35,35,203,203,100,100
,"38 경상남도",20,20,10,10,10,10,0,0,314,314,22,22,177,177,115,115
,"39 제주도",4,4,2,2,2,2,0,0,43,43,7,7,5,5,31,31
,"* 비자치구(일반시에 소속된 구)는 집계에서 제외하였으며 갯수는 기입되어 있음(파란색 아미부분)",,,,,,,,,,,,,,,,
,,,,,,,,,,,,,,,,,
,,,,,,,,,,,,,,,,,
,"    (2005. 7. 1 현재)",,,,,,,,,,,,,,,,
,,"계",,"시",,"군",,"구",,"계",,"읍",,"면",,"동",
,,"2005년",,"2005년",,"2005년",,"2005년",,"2005년",,"2005년",,"2005년",,"2005년",
,,"4. 1","7. 1","4. 1","7. 1","4. 1","7. 1","4. 1","7. 1","4. 1","7. 1","4. 1","7. 1","4. 1","7. 1","4. 1","7. 1"
,"총계",234,234,77,77,88,88,69,69,3567,3568,211,211,1201,1201,2155,2156
,"특별.광역시계",74,74,0,0,5,5,69,69,1258,1258,10,10,36,36,1212,1212
,"11 서울특별시",25,25,0,0,0,0,25,25,522,522,0,0,0,0,522,522
,"21 부산광역시",16,16,0,0,1,1,15,15,226,226,2,2,3,3,221,221
,"22 대구광역시",8,8,0,0,1,1,7,7,143,143,3,3,6,6,134,134
,"23 인천광역시",10,10,0,0,2,2,8,8,139,139,1,1,19,19,119,119
,"24 광주광역시",5,5,0,0,0,0,5,5,90,90,0,0,0,0,90,90
,"25 대전광역시",5,5,0,0,0,0,5,5,80,80,0,0,0,0,80,80
,"26 울산광역시",5,5,0,0,1,1,4,4,58,58,4,4,8,8,46,46
,"도계",160,160,77,77,83,83,22,23,2309,2310,201,201,1165,1165,943,944
,"31 경기도",31,31,27,27,4,4,16,17,514,515,31,31,111,111,372,373
,"32 강원도",18,18,7,7,11,11,0,0,188,188,24,24,90,90,74,74
,"33 충청북도",12,12,3,3,9,9,2,2,153,153,13,13,90,90,50,50
,"34 충청남도",16,16,7,7,9,9,0,0,209,209,24,24,146,146,39,39
,"35 전라북도",14,14,6,6,8,8,2,2,251,251,14,14,145,145,92,92
,"36 전라남도",22,22,5,5,17,17,0,0,299,299,31,31,198,198,70,70
,"37 경상북도",23,23,10,10,13,13,2,2,338,338,35,35,203,203,100,100
,"38 경상남도",20,20,10,10,10,10,0,0,314,314,22,22,177,177,115,115
,"39 제주도",4,4,2,2,2,2,0,0,43,43,7,7,5,5,31,31
,"* 비자치구(일반시에 소속된 구)는 집계에서 제외하였으며 갯수는 기입되어 있음(파란색 아미부분)",,,,,,,,,,,,,,,,
,,,,,,,,,,,,,,,,,
,,,,,,,,,,,,,,,,,
,"    (2005. 4. 1 현재)",,,,,,,,,,,,,,,,
,,"계",,"시",,"군",,"구",,"계",,"읍",,"면",,"동",
,,"2005년",,"2005년",,"2005년",,"2005년",,"2005년",,"2005년",,"2005년",,"2005년",
,,"1. 1","4. 1","1. 1","4. 1","1. 1","4. 1","1. 1","4. 1","1. 1","4. 1","1. 1","4. 1","1. 1","4. 1","1. 1","4. 1"
,"총계",234,234,77,77,88,88,69,69,3565,3567,209,211,1203,1201,2153,2155
,"특별.광역시계",74,74,0,0,5,5,69,69,1257,1258,10,10,36,36,1211,1212
,"11 서울특별시",25,25,0,0,0,0,25,25,522,522,0,0,0,0,522,522
,"21 부산광역시",16,16,0,0,1,1,15,15,226,226,2,2,3,3,221,221
,"22 대구광역시",8,8,0,0,1,1,7,7,143,143,3,3,6,6,134,134
,"23 인천광역시",10,10,0,0,2,2,8,8,139,139,1,1,19,19,119,119
,"24 광주광역시",5,5,0,0,0,0,5,5,90,90,0,0,0,0,90,90
,"25 대전광역시",5,5,0,0,0,0,5,5,79,80,0,0,0,0,79,80
,"26 울산광역시",5,5,0,0,1,1,4,4,58,58,4,4,8,8,46,46
,"도계",160,160,77,77,83,83,22,22,2308,2309,199,201,1167,1165,942,943
,"31 경기도",31,31,27,27,4,4,16,16,513,514,29,31,113,111,371,372
,"32 강원도",18,18,7,7,11,11,0,0,188,188,24,24,90,90,74,74
,"33 충청북도",12,12,3,3,9,9,2,2,153,153,13,13,90,90,50,50
,"34 충청남도",16,16,7,7,9,9,0,0,209,209,24,24,146,146,39,39
,"35 전라북도",14,14,6,6,8,8,2,2,251,251,14,14,145,145,92,92
,"36 전라남도",22,22,5,5,17,17,0,0,299,299,31,31,198,198,70,70
,"37 경상북도",23,23,10,10,13,13,2,2,338,338,35,35,203,203,100,100
,"38 경상남도",20,20,10,10,10,10,0,0,314,314,22,22,177,177,115,115
,"39 제주도",4,4,2,2,2,2,0,0,43,43,7,7,5,5,31,31
,"* 비자치구(일반시에 소속된 구)는 집계에서 제외하였으며 갯수는 기입되어 있음(파란색 아미부분)",,,,,,,,,,,,,,,,
,,,,,,,,,,,,,,,,,
,,,,,,,,,,,,,,,,,
,"    (2005. 1. 1 현재)",,,,,,,,,,,,,,,,
,,"계",,"시",,"군",,"구",,"계",,"읍",,"면",,"동",
,,"2004년","2005년","2004년","2005년","2004년","2005년","2004년","2005년","2004년","2005년","2004년","2005년","2004년","2005년","2004년","2005년"
,,"10.  1","1. 1","10.  1","1. 1","10.  1","1. 1","10.  1","1. 1","10.  1","1. 1","10.  1","1. 1","10.  1","1. 1","10.  1","1. 1"
,"총계",234,234,77,77,88,88,69,69,3564,3565,209,211,1203,1201,2152,2153
,"특별.광역시계",74,74,0,0,5,5,69,69,1257,1257,10,10,36,36,1211,1211
,"11 서울특별시",25,25,0,0,0,0,25,25,522,522,0,0,0,0,522,522
,"21 부산광역시",16,16,0,0,1,1,15,15,226,226,2,2,3,3,221,221
,"22 대구광역시",8,8,0,0,1,1,7,7,143,143,3,3,6,6,134,134
,"23 인천광역시",10,10,0,0,2,2,8,8,139,139,1,1,19,19,119,119
,"24 광주광역시",5,5,0,0,0,0,5,5,90,90,0,0,0,0,90,90
,"25 대전광역시",5,5,0,0,0,0,5,5,79,79,0,0,0,0,79,79
,"26 울산광역시",5,5,0,0,1,1,4,4,58,58,4,4,8,8,46,46
,"도계",160,160,77,77,83,83,22,22,2307,2308,199,201,1167,1165,941,942
,"31 경기도",31,31,27,27,4,4,16,16,513,513,29,31,113,111,371,371
,"32 강원도",18,18,7,7,11,11,0,0,188,188,24,24,90,90,74,74
,"33 충청북도",12,12,3,3,9,9,2,2,153,153,13,13,90,90,50,50
,"34 충청남도",16,16,7,7,9,9,0,0,209,209,24,24,146,146,39,39
,"35 전라북도",14,14,6,6,8,8,2,2,251,251,14,14,145,145,92,92
,"36 전라남도",22,22,5,5,17,17,0,0,299,299,31,31,198,198,70,70
,"37 경상북도",23,23,10,10,13,13,2,2,337,338,35,35,203,203,99,100
,"38 경상남도",20,20,10,10,10,10,0,0,314,314,22,22,177,177,115,115
,"39 제주도",4,4,2,2,2,2,0,0,43,43,7,7,5,5,31,31
,"* 비자치구(일반시에 소속된 구)는 집계에서 제외하였으며 갯수는 기입되어 있음(파란색 아미부분)",,,,,,,,,,,,,,,,
,,,,,,,,,,,,,,,,,
,,,,,,,,,,,,,,,,,
,"    (2004. 10. 1 현재)",,,,,,,,,,,,,,,,
,,"계",,"시",,"군",,"구",,"계",,"읍",,"면",,"동",
,,"2004년",,"2004년",,"2004년",,"2004년",,"2004년",,"2004년",,"2004년",,"2004년",
,,"7.  1","10. 1","7.  1","10. 1","7.  1","10. 1","7.  1","10. 1","7.  1","10. 1","7.  1","10. 1","7.  1","10. 1","7.  1","10. 1"
,"총계",234,234,77,77,88,88,69,69,3564,3564,209,211,1203,1201,2152,2152
,"특별.광역시계",74,74,0,0,5,5,69,69,1257,1257,10,10,36,36,1211,1211
,"11 서울특별시",25,25,0,0,0,0,25,25,522,522,0,0,0,0,522,522
,"21 부산광역시",16,16,0,0,1,1,15,15,226,226,2,2,3,3,221,221
,"22 대구광역시",8,8,0,0,1,1,7,7,143,143,3,3,6,6,134,134
,"23 인천광역시",10,10,0,0,2,2,8,8,139,139,1,1,19,19,119,119
,"24 광주광역시",5,5,0,0,0,0,5,5,90,90,0,0,0,0,90,90
,"25 대전광역시",5,5,0,0,0,0,5,5,79,79,0,0,0,0,79,79
,"26 울산광역시",5,5,0,0,1,1,4,4,58,58,4,4,8,8,46,46
,"도계",160,160,77,77,83,83,22,22,2307,2307,199,201,1167,1165,941,941
,"31 경기도",31,31,27,27,4,4,16,16,513,513,29,31,113,111,371,371
,"32 강원도",18,18,7,7,11,11,0,0,188,188,24,24,90,90,74,74
,"33 충청북도",12,12,3,3,9,9,2,2,153,153,13,13,90,90,50,50
,"34 충청남도",16,16,7,7,9,9,0,0,209,209,24,24,146,146,39,39
,"35 전라북도",14,14,6,6,8,8,2,2,251,251,14,14,145,145,92,92
,"36 전라남도",22,22,5,5,17,17,0,0,299,299,31,31,198,198,70,70
,"37 경상북도",23,23,10,10,13,13,2,2,337,337,35,35,203,203,99,99
,"38 경상남도",20,20,10,10,10,10,0,0,314,314,22,22,177,177,115,115
,"39 제주도",4,4,2,2,2,2,0,0,43,43,7,7,5,5,31,31
,"* 비자치구(일반시에 소속된 구)는 집계에서 제외하였으며 갯수는 기입되어 있음(파란색 아미부분)",,,,,,,,,,,,,,,,
,,,,,,,,,,,,,,,,,
,,,,,,,,,,,,,,,,,
,"    (2004. 7. 1 현재)",,,,,,,,,,,,,,,,
,,"계",,"시",,"군",,"구",,"계",,"읍",,"면",,"동",
,,"2004년",,"2004년",,"2004년",,"2004년",,"2004년",,"2004년",,"2004년",,"2004년",
,,"4.  1","7. 1","4.  1","7. 1","4.  1","7. 1","4.  1","7. 1","4.  1","7. 1","4.  1","7. 1","4.  1","7. 1","4.  1","7. 1"
,"총계",234,234,77,77,88,88,69,69,3563,3564,209,211,1203,1201,2151,2152
,"특별.광역시계",74,74,0,0,5,5,69,69,1257,1257,10,10,36,36,1211,1211
,"11 서울특별시",25,25,0,0,0,0,25,25,522,522,0,0,0,0,522,522
,"21 부산광역시",16,16,0,0,1,1,15,15,226,226,2,2,3,3,221,221
,"22 대구광역시",8,8,0,0,1,1,7,7,143,143,3,3,6,6,134,134
,"23 인천광역시",10,10,0,0,2,2,8,8,139,139,1,1,19,19,119,119
,"24 광주광역시",5,5,0,0,0,0,5,5,90,90,0,0,0,0,90,90
,"25 대전광역시",5,5,0,0,0,0,5,5,79,79,0,0,0,0,79,79
,"26 울산광역시",5,5,0,0,1,1,4,4,58,58,4,4,8,8,46,46
,"도계",160,160,77,77,83,83,22,22,2306,2307,199,201,1167,1165,940,941
,"31 경기도",31,31,27,27,4,4,16,16,512,513,29,31,113,111,370,371
,"32 강원도",18,18,7,7,11,11,0,0,188,188,24,24,90,90,74,74
,"33 충청북도",12,12,3,3,9,9,2,2,153,153,13,13,90,90,50,50
,"34 충청남도",16,16,7,7,9,9,0,0,209,209,24,24,146,146,39,39
,"35 전라북도",14,14,6,6,8,8,2,2,251,251,14,14,145,145,92,92
,"36 전라남도",22,22,5,5,17,17,0,0,299,299,31,31,198,198,70,70
,"37 경상북도",23,23,10,10,13,13,2,2,337,337,35,35,203,203,99,99
,"38 경상남도",20,20,10,10,10,10,0,0,314,314,22,22,177,177,115,115
,"39 제주도",4,4,2,2,2,2,0,0,43,43,7,7,5,5,31,31
,"* 비자치구(일반시에 소속된 구)는 집계에서 제외하였으며 갯수는 기입되어 있음(파란색 아미부분)",,,,,,,,,,,,,,,,
,,,,,,,,,,,,,,,,,
,,,,,,,,,,,,,,,,,
,"    (2004. 4. 1 현재)",,,,,,,,,,,,,,,,
,,"계",,"시",,"군",,"구",,"계",,"읍",,"면",,"동",
,,"2004년",,"2004년",,"2004년",,"2004년",,"2004년",,"2004년",,"2004년",,"2004년",
,,"1. 1","4. 1","1. 1","4. 1","1. 1","4. 1","1. 1","4. 1","1. 1","4. 1","1. 1","4. 1","1. 1","4. 1","1. 1","4. 1"
,"총계",234,234,77,77,88,88,69,69,3563,3563,209,209,1203,1203,2151,2151
,"특별.광역시계",74,74,0,0,5,5,69,69,1257,1257,10,10,36,36,1211,1211
,"11 서울특별시",25,25,0,0,0,0,25,25,522,522,0,0,0,0,522,522
,"21 부산광역시",16,16,0,0,1,1,15,15,226,226,2,2,3,3,221,221
,"22 대구광역시",8,8,0,0,1,1,7,7,143,143,3,3,6,6,134,134
,"23 인천광역시",10,10,0,0,2,2,8,8,139,139,1,1,19,19,119,119
,"24 광주광역시",5,5,0,0,0,0,5,5,90,90,0,0,0,0,90,90
,"25 대전광역시",5,5,0,0,0,0,5,5,79,79,0,0,0,0,79,79
,"26 울산광역시",5,5,0,0,1,1,4,4,58,58,4,4,8,8,46,46
,"도계",160,160,77,77,83,83,22,22,2306,2306,199,199,1167,1167,940,940
,"31 경기도",31,31,27,27,4,4,16,16,512,512,29,29,113,113,370,370
,"32 강원도",18,18,7,7,11,11,0,0,188,188,24,24,90,90,74,74
,"33 충청북도",12,12,3,3,9,9,2,2,153,153,13,13,90,90,50,50
,"34 충청남도",16,16,7,7,9,9,0,0,209,209,24,24,146,146,39,39
,"35 전라북도",14,14,6,6,8,8,2,2,251,251,14,14,145,145,92,92
,"36 전라남도",22,22,5,5,17,17,0,0,299,299,31,31,198,198,70,70
,"37 경상북도",23,23,10,10,13,13,2,2,337,337,35,35,203,203,99,99
,"38 경상남도",20,20,10,10,10,10,0,0,314,314,22,22,177,177,115,115
,"39 제주도",4,4,2,2,2,2,0,0,43,43,7,7,5,5,31,31
,"* 비자치구(일반시에 소속된 구)는 집계에서 제외하였으며 갯수는 기입되어 있음(파란색 아미부분)",,,,,,,,,,,,,,,,
,,,,,,,,,,,,,,,,,
,,,,,,,,,,,,,,,,,
,"    (2004. 1. 1 현재)",,,,,,,,,,,,,,,,
,,"계",,"시",,"군",,"구",,"계",,"읍",,"면",,"동",
,,"2003년","2004년","2004년","2004년","2004년","2004년","2004년","2004년","2004년","2004년","2004년","2004년","2004년","2004년","2004년","2004년"
,,"12.31","1. 1","12.31","1. 1","12.31","1. 1","12.31","1. 1","12.31","1. 1","12.31","1. 1","12.31","1. 1","12.31","1. 1"
,"총계",234,234,77,77,88,88,69,69,3562,3563,208,209,1204,1203,2150,2151
,"특별.광역시계",74,74,0,0,5,5,69,69,1257,1257,10,10,36,36,1211,1211
,"11 서울특별시",25,25,0,0,0,0,25,25,522,522,0,0,0,0,522,522
,"21 부산광역시",16,16,0,0,1,1,15,15,226,226,2,2,3,3,221,221
,"22 대구광역시",8,8,0,0,1,1,7,7,143,143,3,3,6,6,134,134
,"23 인천광역시",10,10,0,0,2,2,8,8,139,139,1,1,19,19,119,119
,"24 광주광역시",5,5,0,0,0,0,5,5,90,90,0,0,0,0,90,90
,"25 대전광역시",5,5,0,0,0,0,5,5,79,79,0,0,0,0,79,79
,"26 울산광역시",5,5,0,0,1,1,4,4,58,58,4,4,8,8,46,46
,"도계",160,160,77,77,83,83,22,22,2305,2306,198,199,1168,1167,939,940
,"31 경기도",31,31,27,27,4,4,16,16,511,512,28,29,114,113,369,370
,"32 강원도",18,18,7,7,11,11,0,0,188,188,24,24,90,90,74,74
,"33 충청북도",12,12,3,3,9,9,2,2,153,153,13,13,90,90,50,50
,"34 충청남도",16,16,7,7,9,9,0,0,209,209,24,24,146,146,39,39
,"35 전라북도",14,14,6,6,8,8,2,2,251,251,14,14,145,145,92,92
,"36 전라남도",22,22,5,5,17,17,0,0,299,299,31,31,198,198,70,70
,"37 경상북도",23,23,10,10,13,13,2,2,337,337,35,35,203,203,99,99
,"38 경상남도",20,20,10,10,10,10,0,0,314,314,22,22,177,177,115,115
,"39 제주도",4,4,2,2,2,2,0,0,43,43,7,7,5,5,31,31
,"* 비자치구(일반시에 소속된 구)는 집계에서 제외하였으며 갯수는 기입되어 있음(파란색 아미부분)",,,,,,,,,,,,,,,,
